Joueur;Poste;Cote;Note;Variation;But;j7;j6;j5;j4;j3;j2;j1;DMI;Club
Traoré Ismael;D;20;4.93/7{4.96/27};1.37{1.00};3;5J;4*;5.5*;3;6;4;7*;4.5;Angers
Bahoken Stéphane;A;12;4.60/5;1.29{0.90};2{5};;2.5;4.5;5*;6*;-5;;;Angers
Mangani Thomas;M;12;5.21/7{5.02/26};0.99{0.98};1{2};6.5*;(5.5);4.5J;3.5;6;5;5.5;4.5;Angers
Fulgini Angelo;M;14;5.14/7{5.19/27};1.14{0.98};1{2};4.5J;3.5;7*;5;6J;4.5;5.5;4.5;Angers
Thioub Sada;A;11;5.14/7;1.11{0.91};1{2};(4.5);4;6*;-5;-4;5.5;7;4;Angers
Bernardoni Paul;G;14;5.21/7{5.38/26};1.35{1.09};0;5;3;6;4;7;5.5;6;;Angers
Thomas Romain;D;8;5.00/4(4.50){5.19/26};0.71{1.11};0{1};4.5J;;;;5;4.5;6;3.5;Angers
Cabot Jimmy;M;10;5.00/2{5.34/22};0.71{0.86};0{2};(5.5);(4.5);;;;;;;Angers
Bobichon Antonin;M;11;5.00/4{5.03/15};1.68{1.17};0{2};;;4;4;7.5;(4.5);;;Angers
Doumbia Souleyman;D;7;5.00/4(4.00){5.30/10};1.41{1.01};0;4J;;;;5;4;7;;Angers
Lassana Coulibaly;M;9;4.92/6;1.07;0;;3;(5.5);5.5;-6;-5;(4.5);;Angers
Capelle Pierrick;M;11;4.79/7{4.96/26};1.44{1.07};0{1};4.5;3.5;7.5;3;5;-5;-5;5;Angers
Manceau Vincent;D;7;4.75/2{4.78/20};0.35{0.79};0;-5;(4.5);;;;;;4;Angers
El Melali Farid;M;6;4.75/2{5.00/7};0.35{0.71};0{1};;;;;;5;(4.5);;Angers
Ali-Cho Mohamed;M;7;4.67/3;0.29;0;;(4.5);(4.5);-5;;;;;Angers
Amadou Ibrahim;M;10;4.50{4.78/20};0.00{0.95};0;4.5;;;;;;;;Angers
Bamba Abdoulaye;D;10;4.50/7{4.77/13};1.15{1.03};0;4.5;3;5;3;5.5;4.5;6;;Angers
Boufal Sofiane;M;13;4.50{4.79/17};0.00{0.50};0;4.5;;;;;;;;Angers
Alioui Rachid;A;8;4.50{4.75/24};0.00{1.06};0{5};(4.5);;;;;;;6;Angers
Pereira Lage Mathias;M;7;4.50{4.86/21};0.00{0.87};0;;;;;;;4.5;5.5;Angers
Diony Lois;A;8;4.40/5{4.44/16};0.42{0.68};0{2};4;-4;-5;(4.5);(4.5);;;;Angers
Ebosse Enzo;D;7;4.20/5(3.88/4){4.68/17};1.44{1.19};0;-5;2;-5;3.5J;;;(5.5);;Angers
Pavlovic Mateo;D;8;3.63/4{4.46/12};1.38{1.23};0;;2;4.5;3;-5;;;;Angers
Butelle Ludovic;G;7;0.00{5.12/21};0.00{1.05};0;;;;;;;;4;Angers
Mouanga Kevin;D;1;0.00;0.00;0;;;;;;;;;Angers
Elhadji Djibril Diaw;D;1;0.00{4.50/2};0.00{0.71};0;;;;;;;;;Angers
Petkovic Danijel;G;5;0.00{6.00/2};0.00{1.41};0;;;;;;;;;Angers
Ould Khaled Zinédine;M;4;0.00{5.50};0.00;0;;;;;;;;;Angers
Loucif Haithem;M;4;0.00;0.00;0;;;;;;;;;Angers
Bemanga Kevin;M;1;0.00;0.00;0;;;;;;;;;Angers
Boma Kévin;D;1;0.00;0.00;0;;;;;;;;;Angers
Taibi Waniss;M;1;0.00;0.00;0;;;;;;;;;Angers
Basic Toma;M;17;5.71/7{5.50/20};1.11{0.86};2{3};4;7*;6;5†;5;7*J;6;5.5;Bordeaux
Kalu Samuel;M;15;5.42/6{5.00/21};0.92{0.84};2{3};;7*;5;(6*);5;-5;(4.5);4;Bordeaux
Maja Josh;A;11;5.07/7{5.02/23};1.06{1.20};2{7};(6.5*);4;4.5;-4;-5;6.5*;5;9;Bordeaux
Oudin Remi;M;23;5.64/7{5.61/28};1.18{0.84};1{4};5;7.5*;(4.5);4.5;5.5;7J;(5.5);;Bordeaux
Koscielny Laurent;D;19;6.08/6{5.19/27};0.74{0.96};0;;6;5.5;5.5;6;7.5;6;6;Bordeaux
Bakwa Dilane;A;7;6.00;0.00;0;;-6;;;;;;;Bordeaux
Otávio;M;18;5.83/6(4.50){5.69/27};0.88{1.19};0{2};4.5;;6;5.5;5.5;7;6.5;9;Bordeaux
Costil Benoît;G;23;5.79/7(5.75/6){5.55/30};0.39(0.42){0.76};0;5;6;6;5.5;6;6;6;6;Bordeaux
Kwateng Enock;D;8;5.25/2{4.69/13};0.35{0.85};0;;;-5;;;;(5.5);5;Bordeaux
de Preville Nicolas;A;15;5.21/7{5.42/26};0.81{1.23};0{4};4;5;6;6;4.5;5;6J;7;Bordeaux
Poundjé Maxime;D;6;5.13/4(5.00){5.08/6};0.25{0.20};0;-5;;;;-5;-5;5.5;;Bordeaux
Adli Yacine;M;15;5.10/5{5.13/24};1.02{1.10};0{3};4J;6;5.5;-6;-4;;;8;Bordeaux
Benito Loris;D;13;5.08/6{4.78/25};0.97{0.79};0;3.5†;6;6;4.5J;5;5.5;;;Bordeaux
Hwang Ui-Jo;A;11;4.93/7{5.10/26};0.79{0.98};0{5};-5;(4.5);-5;4.5;4;6.5;5;;Bordeaux
Baysse Paul;D;12;4.92/6(4.50/2);1.77(1.41);0;3.5;(5.5);;2;6;6.5;6;;Bordeaux
Pablo;D;10;4.88/4{5.12/25};1.60{1.07};0{4};2.5°;6J;5.5;(5.5);;;;6;Bordeaux
Zerkane Mehdi;M;6;4.83/3(5.25/2);0.76(0.35);0;(5.5);-5;;;;;4;;Bordeaux
Briand Jimmy;A;8;4.64/7{4.90/24};0.56{0.91};0{5};(5.5);(4.5);-5;5;-4;-4;(4.5);;Bordeaux
Sabaly Youssouf;D;10;4.64/7{4.72/18};1.03{1.10};0;2.5;5.5;5J;4.5;4.5;5J;5.5;7.5;Bordeaux
Ben Arfa Hatem;M;8;4.00{4.33/6};0.00{0.61};0;4;;;;;;;;Bordeaux
Mexer;D;6;0.00{4.80/15};0.00{0.70};0;;;;;;;;;Bordeaux
Jovanovic Vukasin;D;5;0.00{5.00/8};0.00{0.85};0;;;;;;;;6;Bordeaux
Mandanda Over;G;1;0.00;0.00;0;;;;;;;;;Bordeaux
Poussin Gaëtan;G;7;0.00;0.00;0;;;;;;;;;Bordeaux
Diarra Ibrahim;A;1;0.00;0.00;0;;;;;;;;;Bordeaux
Bessile Loic;D;1;0.00;0.00;0;;;;;;;;;Bordeaux
Lottin Albert-Nicolas;M;1;0.00;0.00;0;;;;;;;;;Bordeaux
Cardoso David;D;1;0.00;0.00;0;;;;;;;;;Bordeaux
Sow Ismael;D;1;0.00;0.00;0;;;;;;;;;Bordeaux
Rouyard Davy;G;1;0.00;0.00;0;;;;;;;;;Bordeaux
Mara Sékou;A;1;0.00;0.00;0;;;;;;;;;Bordeaux
Faivre Romain;M;17;6.14/7;0.90;3;6*;7.5*;5.5;5.5;6.5;7*;5;;Brest
Perraud Romain;D;18;5.67/6{4.93/21};1.91{1.25};2;3.5;6.5;4.5;7.5*;8*;4;;;Brest
Charbonnier Gaëtan;A;17;5.64/7{5.14/28};1.25{1.22};2{5};4;6;6*;5.5;7;7*;-4;6;Brest
Mounie Steve;A;16;5.50/4(5.00/3);1.08(0.50);2;4.5;5J;5.5*;7*;;;;;Brest
Philippoteaux Romain;M;16;5.20/5(4.00){5.31/26};1.64{1.05};1{5};4;;-5;;4;5;8*;;Brest
Honorat Franck;M;10;5.17/6(5.25/4){5.14/18};0.98(1.19){0.90};1;-5;(4.5);(4.5);(7*);;5.5;4.5;;Brest
Cardona Irvin;A;10;4.50/6{4.98/25};1.34{1.33};1{7};(4.5);;-4;-6;(6*);4;2.5;7;Brest
Lasne Paul;M;13;5.50/2;1.41{1.03};0{2};;6.5;(4.5);;;;;6;Brest
Faussurier Julien;D;11;5.20/5(5.00){4.93/22};1.35{1.00};0{1};-5;;;6.5;(5.5);-6;3;5;Brest
Battocchio Cristian;M;8;5.00/4{5.30/23};0.71{1.01};0{3};;;-5;(4.5);-6;;(4.5);9;Brest
M'Bock Hianga'a;M;8;5.00/4{5.17/6};0.71{0.88};0{1};;;;(4.5);-6;(4.5);-5;;Brest
Chardonnet Brendan;D;9;4.88/4{4.82/14};1.03{0.87};0;;6;;-5;-5;;3.5;;Brest
Le Douaron Jeremy;A;11;4.86/7;0.99;0;-4;5;6.5;5;5.5;(4.5);3.5;;Brest
Magnetti Hugo;M;6;4.67/3(4.75/2){5.00/11};0.29(0.35){0.45};0;4.5J;-5;;;;(4.5);;;Brest
Belkebla Haris;M;11;4.57/7{5.16/25};0.73{0.91};0;5.5;5.5J;4.5;4.5J;4.5†;4;3.5;5;Brest
Herelle Christophe;D;14;4.50/4(3.00){4.97/16};1.22{1.19};0{2};3;;4.5;4.5°;6;;;;Brest
Larsonneur Gautier;G;20;4.50/7{5.59/29};1.35{1.38};0;4.5;6;4;4;6.5;4;2.5;7;Brest
Pierre-Gabriel Ronaël;D;10;4.40/5;0.96;0;;5.5;4.5;;5;4;3;;Brest
Heriberto Tavares;A;7;4.33/3(4.50);0.29;0;(4.5);;;;;(4.5);-4;;Brest
Duverne Jean-Kevin;D;10;4.07/7{4.55/21};1.46{1.12};0;3J;5.5;3.5;5;6;3.5;2J;6.5;Brest
Baal Ludovic;D;6;3.50/2{5.00/12};0.00{0.95};0;3.5;;;;;3.5;;5.5;Brest
Cibois Sebastien;G;6;0.00;0.00;0;;;;;;;;;Brest
N'Goma Ferris;M;4;0.00{5.33/3};0.00{1.04};0{1};;;;;;;;6.5;Brest
Bain Denys;D;6;0.00{5.18/11};0.00{0.93};0{1};;;;;;;;;Brest
Brassier Lilian;D;3;0.00{4.81/18};0.00{1.00};0;;;;;;;;;Brest
Dioh Idrissa;M;1;0.00;0.00;0;;;;;;;;;Brest
Said Rafiki;A;1;0.00;0.00;0;;;;;;;;;Brest
Benvindo Killian;M;1;0.00;0.00;0;;;;;;;;;Brest
Bangoura Cheick Djibril;M;5;0.00;0.00;0;;;;;;;;;Brest
Ecuele Manga Bruno;D;13;5.00/7;1.12{1.01};1;5;3.5;7*;5;5;4;5.5;03-mai;Dijon
Mama Baldé;M;11;4.83/3{5.36/22};1.26{1.29};1{7};6*;3.5†;5;;;;;04-mai;Dijon
Ebimbe Éric;M;11;4.64/7{4.84/25};1.03{1.08};1{3};6;4J;6*J;4;3.5;5;4;;Dijon
Scheidler Aurelien;A;10;4.20/5(4.00/2){4.65/24};0.45{1.15};1{5};-4;-4;;4;;5*;4;;Dijon
Celina Bersant;M;9;5.17/3;1.26;0;;-5;6.5;4;;;;;Dijon
Ndong Didier;M;13;5.00/7{5.41/29};0.58{0.74};0;5.5J;4;5;5.5;4.5J;5J;5.5;04-mai;Dijon
Sammaritano Frédéric;M;7;4.93/7{5.23/13};0.35{0.75};0{1};5;-5;-5;4.5J;-5;(5.5);(4.5);4.5;Dijon
Panzo Jonathan;D;10;4.83/6;0.75;0;6;4J;4.5J;5.5;4.5†;(4.5);;;Dijon
Chouiar Mounir;M;9;4.83/6(5.00/4){5.56/25};0.88(1.08){1.18};0{4};6.5;4J;-5;(4.5);;4.5;4.5;7.5;Dijon
Muzinga Ngonda;D;5;4.83/3(4.50){4.64/7};0.29{0.80};0;(4.5);;-5;;;;5;4.5;Dijon
Younoussa Wilitty;M;6;4.75/2;0.35;0;;;;-5;(4.5);;;;Dijon
Dobre Mihai-Alexandru;M;7;4.63/4(5.00);0.75;0;-5;;;;3.5;-5;-5;;Dijon
Marié Jordan;M;8;4.58/6(5.00){4.73/13};0.38{0.44};0;-5;;-5;4.5;4.5;4;4.5;;Dijon
Chafik Fouad;D;10;4.50/6{4.91/23};1.00{0.89};0;5J;3;6J;4.5;4;4.5;;4.5;Dijon
Amalfitano Romain;M;9;4.50/2{5.17/23};1.41{1.04};0{1};;;;;;3.5;(5.5);4.5/5.5;Dijon
Allagbe Saturnin;G;13;4.50/2{5.32/14};0.71{0.87};0;5J;4;5.5;7;6;4.5;6.5;;Dijon
Pape Cheikh Diop Gueye;M;9;4.30/5(4.50/3){4.72/18};0.57(0.50);0;-5;4;4.5;;3.5;;4.5;;Dijon
Lautoa Wesley;D;8;4.29/7{5.02/27};0.81;0;4;(4.5);-5;-4;-4;3°;5.5;04-juin;Dijon
Assalé Roger;A;9;4.25/2{4.97/16};1.06{0.97};0{2};;3.5;5;;;;;;Dijon
Chalá Aníbal;D;8;4.20/5;0.57;0;4;3.5;5;4.5;4;;;;Dijon
Boey Sacha;D;5;4.00/2{4.80/5};0.71{0.91};0;;4.5;;;;;3.5;;Dijon
Ngouyamsa Nounchil Ahmad Toure;D;7;3.75/2{4.00/3};1.06{0.87};0;;;;;;3;4.5;;Dijon
Benzia Yassine;M;7;0.00{5.17/3};0.00{0.58};0;;;;;;;;;Dijon
Ntumba Lévi;G;1;0.00;0.00;0;;;;;;;;;Dijon
Senou Coulibaly;D;4;0.00{4.67/6};0.00{0.93};0;;;;;;;;4/4.5;Dijon
Racioppi Anthony;G;1;0.00;0.00;0;;;;;;;;;Dijon
Zagre Arthur;D;2;0.00;0.00;0;;;;;;;;;Dijon
Arli Amir;M;1;0.00;0.00;0;;;;;;;;;Dijon
Racovitan Bogdan;D;1;0.00;0.00;0;;;;;;;;;Dijon
Ganago Ignatius;A;18;6.33/6{5.09/27};1.33{1.17};4{6};;6;7*;8*;(6.5*);6.5*;4;;Lens
Kakuta Gaël;M;21;6.07/7{5.37/27};1.06{1.10};4{6};4;6.5*†J;6;7*;7*;5.5;6.5*;;Lens
Sotoca Florian;A;18;5.14/7{5.25/26};1.31{1.30};1{8};4;7*;4.5;5;7;-4;4.5;;Lens
Medina Facundo;D;11;4.92/6;1.16;1;;6;4.5;4.5;5.5*;6;3;;Lens
Fofana Seko;M;10;5.50{5.65/30};0.00{1.06};0{3};;;;(5.5);;;;;Lens
Clauss Jonathan;M;13;5.30/5;1.20;0;4;7;5;6;4.5;;;;Lens
Cahuzac Yannick;M;15;5.29/7(5.38/4){5.40/26};0.27(0.25){0.80};0;5J;5.5;5.5;5.5;5J;(5.5);5;;Lens
Cheick Oumar Doucoure;M;15;5.21/7{5.23/26};0.86{0.85};0{1};4;6;5.5;5.5J;5.5;6J;4;;Lens
Sylla Issiaga;D;10;5.10/5{4.50/28};0.42{0.67};0;;;4.5;5;-5;5.5;(5.5);;Lens
Mauricio Tony;M;8;5.08/6(5.25/2){5.10/26};0.38(0.35){0.75};0{1};-5;(5.5);;(4.5);(5.5);-5;-5;;Lens
Leca Jean-Louis;G;20;5.00/7{5.57/28};1.12{0.93};0;3;6;5.5;5.5;5;6;4;;Lens
Steven Fortes;D;9;5.00/2{4.95/10};0.00{1.01};0;;;-5;5;;;;;Lens
Pereira Da Costa David;M;5;5.00;0.00;0;;-5;;;;;;;Lens
Bade Loic;D;11;4.92/6(4.83/3){5.00/12};1.20(1.61){1.07};0;3;6;5.5;;4;6;5;;Lens
Boura Ismael;D;7;4.92/6(5.50);0.49;0;(5.5);;-5;-5;5;-5;4;;Lens
Banza Simon;A;8;4.83/6(4.88/4){4.89/23};0.26(0.25){1.22};0{6};-5;-5;-5;(4.5);;5;(4.5);;Lens
Michelin Clement;D;9;4.75/4(3.50){5.25/24};1.04{0.94};0{1};(3.5);;;;-5;6;4.5;;Lens
Jean Corentin;A;7;4.50/7{4.82/17};0.58{0.73};0{3};3.5;-4;-5;(4.5);5;(4.5);-5;;Lens
Gradit Jonathan;D;8;4.50/7{5.13/16};1.00{0.92};0;3JR;5.5;4J;4J;5.5;5.5;4;;Lens
Muinga Arnaud Kalimuendo;A;6;4.50/2;0.00;0;(4.5);;;;;4.5;;;Lens
Massadio Haidara;D;9;4.25/2{5.10/20};1.77{0.80};0{1};3;5.5;;;;;;;Lens
Radovanovic Aleksandar;D;9;3.00{5.06/17};0.00{1.29};0{2};3;;;;;;;;Lens
Cheick Traoré;D;4;0.00{4.86/7};0.00{0.38};0;;;;;;;;;Lens
Bayala Cyrille;M;4;0.00{5.80/20};0.00{0.78};0{4};;;;;;;;;Lens
Desprez Didier;G;3;0.00;0.00;0;;;;;;;;;Lens
Sene Cheikh Cory;D;2;0.00;0.00;0;;;;;;;;;Lens
Boli Charles;M;7;0.00{5.29/7};0.00{0.49};0;;;;;;;;;Lens
Diallo Zakaria;D;6;0.00{5.52/21};0.00{0.78};0;;;;;;;;;Lens
Diawara Kandet;M;1;0.00;0.00;0;;;;;;;;;Lens
Sow Ansou;A;1;0.00;0.00;0;;;;;;;;;Lens
Fariñez Wuilker;G;7;0.00;0.00;0;;;;;;;;;Lens
Oudjani Adam;M;1;0.00;0.00;0;;;;;;;;;Lens
Bamba Jonathan;M;19;6.57/7{5.71/28};0.89{1.00};3;8*;6.5;5.5;6.5;5.5;7*;7*;6;Lille
Yilmaz Burak;A;16;5.36/7;1.31;3;7*;7*;6*;4;5;4.5;-4;;Lille
Luiz Araújo;A;16;5.64/7{5.17/26};0.99{0.79};2{3};6.5;5J;6;7*;(6*);(4.5);(4.5);7;Lille
Renato Sanches;M;17;5.90/5(6.13/4){5.66/22};1.52(1.65){1.19};1{4};7;8*;5;(4.5);;;5;;Lille
Zeki Çelik Mehmet;D;14;5.71/7{4.87/26};1.19{1.15};1;6.5;8*;5.5;5;-5;5.5†J;4.5;;Lille
Yazici Yusuf;M;7;5.17/6(5.50/3){5.13/20};0.68(0.87){0.86};1{2};(6.5*);-5;-5;;-5;-5;(4.5);3;Lille
Ikoné Jonathan;M;12;5.14/7{5.42/30};0.48{0.85};1{4};(6*);-5;-5;-5;5.5;4.5;5;5.5;Lille
José Fonte;D;17;6.07/7{5.43/27};0.45{0.91};0{1};7;6;6;6;6;6;5.5;5;Lille
Maignan Mike;G;24;5.93/7{5.55/30};0.73{0.95};0;6;6;7;4.5;6;6;6;6;Lille
André Benjamin;M;18;5.86/7(7.00){5.48/28};0.80{1.06};0{2};7;6.5;5.5;5.5;4.5;6;6;6;Lille
Botman Sven;D;17;5.86/7;0.48;0;6;6;6.5;5.5;6;6;5;;Lille
Xeka;M;9;5.70/5(5.00/3){5.14/22};0.97{0.58};0;-5;-5;-5;;;7;6.5;5;Lille
Bradaric Domagoj;D;15;5.50/7{5.20/20};0.96{0.91};0;6;6;5;5J;7J;5.5;-4;;Lille
Soumaoro Adama;D;6;5.00{5.25/14};0.00{1.24};0{2};-5;;;;;;;;Lille
Pied Jérémy;D;6;5.00/2{4.75/6};0.00{0.88};0;;;;;5;-5;;5;Lille
Lihadji Isaac;A;6;5.00/2{4.75/4};0.00{0.29};0;;-5;-5;;;;;;Lille
Soumaré Boubakary;M;8;4.90/5(5.00){4.86/21};0.22{0.74};0;-5;;-5;5;4.5;;-5;6.5;Lille
David Jonathan Christian;A;13;4.86/7;0.38;0;5;5;5;5;5;4;5;;Lille
Weah Timothy;A;7;4.38/4{4.40/5};0.25{0.22};0;;(4.5);;-4;(4.5);(4.5);;;Lille
Reinildo;D;7;4.25/2{4.63/16};1.06{0.70};0;;;;-5;;;3.5;5;Lille
Karnezis Orestis;G;7;0.00;0.00;0;;;;;;;;;Lille
Flips Alexis;M;1;0.00{5.00/12};0.00{0.43};0;;;;;;;;;Lille
Zekaj Arton;M;3;0.00;0.00;0;;;;;;;;;Lille
Ouro-Sama Hakim;D;1;0.00;0.00;0;;;;;;;;;Lille
Tiago Djaló;D;4;0.00{4.25/4};0.00{0.87};0;;;;;;;;;Lille
Niasse Cheikh;M;3;0.00;0.00;0;;;;;;;;;Lille
Ouattara Fadiga;A;1;0.00;0.00;0;;;;;;;;;Lille
Pizzuto Eugenio;M;4;0.00;0.00;0;;;;;;;;;Lille
Chevalier Lucas;G;1;0.00;0.00;0;;;;;;;;;Lille
Innocenti Nassim;D;2;0.00;0.00;0;;;;;;;;;Lille
Wissa Yoane;A;23;6.07/7{6.02/28};1.48{1.28};4{14};8*;5J;7*;5;6*;4;7.5*;;Lorient
Hamel Pierre-Yves;A;16;5.75/6(6.00/4){5.12/26};0.82(0.71){1.28};3{11};7*†J;6*;(5.5);(5.5);;(4.5);(6*);;Lorient
Grbic Adrian;A;15;4.86/7{5.77/26};1.31;2{14};(4.5);-5;4.5†;4;6*;3;7*;;Lorient
Moffi Terem Igobor;A;8;7.00;0.00;1;7*;;;;;;;;Lorient
Monconduit Thomas;M;11;4.88/4{4.45/19};0.75{0.66};1;(4.5);4.5;(4.5);(6*);;;;;Lorient
Laurienté Armand;M;4;6.00{5.42/19};0.00{0.84};0{2};-6;;;;;;;;Lorient
Gravillon Andreaw;D;9;6.00;0.00;0;6;;;;;;;;Lorient
Chalobah Trevoh;M;6;5.50/2(6.00);0.71;0;6;;;;-5;;;;Lorient
Delaplace Jonathan;M;6;5.25/2(5.00){5.22/9};0.35{0.51};0;-5;;(5.5);;;;;;Lorient
Abergel Laurent;D;14;5.14/7{5.31/26};0.80{0.93};0{2};5.5;4J;4.5;6.5;-5;5;(5.5);;Lorient
Boisgard Quentin;M;10;5.10/5(5.50){4.93/22};0.96{0.70};0{1};5.5;;;4.5;5;4;6.5;;Lorient
Le Fée Enzo;M;9;5.08/6{5.25/26};0.74{0.68};0;;-5;5;5;(4.5);4.5;6.5;;Lorient
Marveaux Sylvain;M;8;5.00/4{5.32/19};0.41{0.95};0{2};;-5;;;5.5;(4.5);-5;;Lorient
Wadja Franklin;M;7;5.00/3{5.13/8};0.00{0.58};0;;;-5;-5;;;-5;;Lorient
Nardi Paul;G;13;4.79/7{5.20/28};0.76{0.95};0;5.5;4.5;6J;4;4.5;4;5;;Lorient
Lemoine Fabien;M;11;4.71/7{5.04/25};0.70{0.79};0;-5;4;5.5;5;4;4;5.5;;Lorient
Bozok Umut;A;7;4.50/4{4.65/17};0.00{0.77};0{2};;(4.5);;(4.5);(4.5);(4.5);;;Lorient
Diarra Stéphane;A;7;4.50/5{5.10/21};0.87{1.06};0{3};;(4.5);;-5;3;-5;5;;Lorient
Laporte Julien;D;10;4.42/6(4.83/3){5.07/23};1.11(1.26){1.04};0{1};6;3.5;5;;3;4;5;;Lorient
Morel Jérémy;D;9;4.36/7{4.72/23};0.80;0;5;4;5;3.5;4;3.5;5.5;;Lorient
Le Goff Vincent;D;10;4.25/6{5.08/26};0.76{0.83};0{1};;4.5;5;3;4;4;5;;Lorient
Fontaine Thomas;D;8;4.17/3{4.79/17};1.26{1.06};0;;3;5.5;4;;;;;Lorient
Mendes Houboulang;D;8;3.93/7{4.45/10};0.89{1.17};0;5;3.5;5;3;3;3.5;4.5;;Lorient
Dreyer Matthieu;G;7;0.00;0.00;0;;;;;;;;;Lorient
Callens Thomas;G;2;0.00;0.00;0;;;;;;;;;Lorient
Bartouche Teddy;G;1;0.00;0.00;0;;;;;;;;;Lorient
Hergault Jerome;D;6;0.00{5.05/10};0.00{0.76};0;;;;;;;;;Lorient
Saunier Matthieu;D;8;0.00{5.33/15};0.00{0.82};0;;;;;;;;;Lorient
Depay Memphis;A;20;5.79/7{5.66/16};1.60{1.79};4{9};8;(4.5);(4.5);5;4.5;8***J;(6*);;Lyon
Toko Ekambi Karl;A;13;5.25/6(6.50/2){5.16/28};1.37(1.41){1.30};2{10};7.5**J;5.5;;-4;4;6;4.5;;Lyon
Aouar Houssem;M;22;5.20/5(5.33/3){5.36/25};0.57(0.58){0.92};1{3};5†;6*;5;;(5.5);;4.5;;Lyon
Dubois Léo;D;15;5.14/7{5.03/18};1.18{0.79};1;4;4.5;7*;4.5J;6;6;4;;Lyon
Kadewere Tinotenda;A;9;4.75/6(4.70/5){5.24/23};0.69(0.76){1.26};1{12};6*J;4;(4.5);(4.5);(4.5);;5;;Lyon
Marcelo;D;15;5.64/7{5.37/23};0.38{0.74};0;5;5.5†;6;5.5;5.5J;6J;6;;Lyon
Bruno Guimarães;M;17;5.58/6{5.72/9};0.58{0.57};0;;(5.5);6.5;5;5;6;5.5;;Lyon
Lucas Paquetá;M;9;5.50{5.02/22};0.00{0.82};0;5.5;;;;;;;;Lyon
De Sciglio Mattia;D;8;5.50{5.06/9};0.00{0.30};0;(5.5);;;;;;-5;;Lyon
Bard Melvin;D;11;5.50/5;0.87;0;;7;-5;5;;-5;(5.5);;Lyon
Denayer Jason;D;17;5.36/7{5.32/28};0.69{0.85};0;4.5;5.5;4.5;6;6;6;5;;Lyon
Thiago Mendes;M;12;5.25/4(5.50/3){5.39/22};0.50{0.80};0;5.5;5.5;(5.5);;(4.5);;;;Lyon
Anthony Lopes;G;18;5.21/7{5.36/28};1.04{0.92};0;7;4;5;6;5.5;4.5;4.5;;Lyon
Caqueret Maxence;M;11;5.20/5{5.38/13};0.57{0.87};0;;5;;4.5;5.5;6;5;;Lyon
Cherki Rayan;M;10;5.17/6{5.14/11};0.75{0.55};0;;-5;4;6;-5;-5;-6;;Lyon
Cornet Maxwel;M;17;5.00/7{5.54/25};1.29{1.14};0{4};3J;5.5;5;4J;6.5;6.5;4.5;;Lyon
Jean Lucas;M;6;5.00/4(4.50);0.41{0.32};0;(4.5);;5.5;-5;;;-5;;Lyon
Diomande Sinaly;D;6;4.75/4;0.29;0;-5;-5;4.5;(4.5);;;;;Lyon
Dembele Moussa;A;20;4.50/7{4.90/30};0.41{1.01};0{11};-4;(4.5);4.5;4;4.5J;5J;-5;;Lyon
Augarreau Cedric;M;1;0.00;0.00;0;;;;;;;;;Lyon
Mbenga Modeste Duku;M;1;0.00;0.00;0;;;;;;;;;Lyon
Özkacar Cenk;D;1;0.00;0.00;0;;;;;;;;;Lyon
Pollersbeck Julian;G;6;0.00;0.00;0;;;;;;;;;Lyon
Keita Habib;M;6;0.00;0.00;0;;;;;;;;;Lyon
Benlamri Djamel;D;7;0.00;0.00;0;;;;;;;;;Lyon
Barcola Malcolm;G;2;0.00;0.00;0;;;;;;;;;Lyon
Thauvin Florian;M;22;5.93/7{5.81/8};1.54{1.46};3;7*;6.5;5.5;4.5J;6.5*;8*;3.5;;Marseille
Caleta-Car Duje;D;18;5.50/7{5.39/27};1.08{0.91};2{3};4.5†J;6J;5;5;6;7.5**;4.5;;Marseille
Amavi Jordan;D;14;6.13/4(7.00/2){5.14/25};1.03{1.05};1{2};7*;7;;;5.5;5;;;Marseille
Sanson Morgan;M;26;5.83/6(6.13/4){5.93/28};0.82(0.63);1{6};6J;5.5;7*;6;;6;4.5;;Marseille
Payet Dimitri;M;28;5.20/5{6.18/22};0.57{1.01};1{8};;5*;5.5;4.5;6;;5;;Marseille
Germain Valère;A;9;4.67/6(4.50){4.83/26};0.68{0.82};1{2};(4.5);;(4.5);(6*);(4.5);-4;(4.5);;Marseille
Mandanda Steve;G;24;5.64/7{5.43/29};1.11;0;6;5.5;5;7;7;5;4;;Marseille
Rongier Valentin;M;22;5.50/7{5.78/29};0.82{0.74};0;6.5;6;4.5;6;6;(4.5);5;;Marseille
González Álvaro;D;16;5.17/6(5.50/5){5.14/22};0.93(0.50){0.90};0;6;5;6;5J;5.5J;;3.5;;Marseille
Kamara Boubacar;D;18;5.14/7{5.56/26};0.63{0.84};0{1};5.5;6;5;4;5;5.5J;5;;Marseille
Sakai Hiroki;D;11;5.00/7{4.90/24};0.82{0.77};0;5J;5;4.5;6.5;5.5J;4.5;4J;;Marseille
Khaoui Saif-Eddine;M;5;5.00{4.93/7};0.00{0.35};0;;;-5;;;;;;Marseille
Rocchia Christopher;D;3;5.00{5.07/22};0.00{1.00};0{1};;;;;;;-5;;Marseille
Strootman Kevin;M;7;5.00/4(4.50){5.21/24};0.41{0.76};0{2};(4.5);;;;-5;5.5;-5;;Marseille
Cuisance Michaël;M;9;5.00;0.00;0;5;;;;;;;;Marseille
Nagatomo Yuto;D;9;4.75/2;0.35;0;;;5;4.5;;;;;Marseille
Gueye Pape Alassane;M;8;4.67/6{5.13/24};0.26{0.85};0;(4.5);-5;-5;(4.5);4.5J;(4.5);;;Marseille
Aké Marley;M;7;4.63/4(4.50){4.88/13};0.25{0.30};0;(4.5);;;(4.5);;-5;(4.5);;Marseille
Radonjic Nemanja;M;7;4.50/5{4.98/23};0.61{0.90};0{5};;-4;(5.5);(4.5);(4.5);4;;;Marseille
Luis Henrique;A;5;4.50;0.00;0;(4.5);;;;;;;;Marseille
Benedetto Darío;A;21;4.33/6{4.93/27};0.98{1.28};0{7};5;5;5;4;(2.5);4.5;;;Marseille
Balerdi Leonardo;D;7;3.75/2;1.06;0;;;;;;4.5;3;;Marseille
Pelé Yohann;G;7;0.00{5.75/2};0.00{0.35};0;;;;;;;;;Marseille
Mitroglou Kostas;A;5;0.00;0.00;0;;;;;;;;;Marseille
Perrin Lucas;D;3;0.00{5.00/4};0.00{1.22};0;;;;;;;;;Marseille
Chabrolle Florian;M;1;0.00;0.00;0;;;;;;;;;Marseille
Phliponeau Alexandre;M;1;0.00;0.00;0;;;;;;;;;Marseille
Dia Ahmadou;G;1;0.00;0.00;0;;;;;;;;;Marseille
Ngapandouetnbu Simon;G;1;0.00;0.00;0;;;;;;;;;Marseille
Kamardin Aaron;D;1;0.00;0.00;0;;;;;;;;;Marseille
Bertelli Ugo;M;1;0.00;0.00;0;;;;;;;;;Marseille
Ahmed Nassim;M;1;0.00;0.00;0;;;;;;;;;Marseille
Souaré Cheick;M;1;0.00;0.00;0;;;;;;;;;Marseille
Rahou Jores;M;1;0.00;0.00;0;;;;;;;;;Marseille
Richard Richecarde;D;1;0.00;0.00;0;;;;;;;;;Marseille
Vanni Fabio;G;1;0.00;0.00;0;;;;;;;;;Marseille
Niane Ibrahima;A;21;5.67/6{5.16/22};2.02{1.20};6{9};;8.5***;6*;7.5**;3.5;4;4.5;05-mai;Metz
Nguette Opa;M;18;5.14/7{5.09/28};0.90{1.16};1{6};6*;6.5;5.5;4;4.5;4.5;-5;4/8.5;Metz
Pajot Vincent;M;14;6.08/6(7.00/2){5.83/15};0.74{0.75};0;7J;7†;;5.5;5.5;5.5;6;7;Metz
Oukidja Alexandre;G;25;5.71/7{5.79/29};0.76{0.99};0;5;6;5.5;6;6.5;4.5;6.5;6.5/6.5;Metz
Maïga Habib;M;23;5.58/6{5.71/28};1.11{0.84};0{1};;7.5;5.5;6;5.5;4.5;4.5;6.5/7;Metz
Boulaya Farid;M;9;5.50/5{5.18/20};0.50{0.75};0{2};5.5;;5;6;;5;6;;Metz
Udol Matthieu;D;13;5.50/6{5.18/19};0.77{0.80};0;4.5J;6;6;6;6;4.5;;5;Metz
Centonze Fabien;D;17;5.43/7{5.23/30};0.53{0.91};0;6;6;5;6;5J;5;5J;5.5/6;Metz
Angban Victorien;M;10;5.36/7{5.27/22};0.56{0.57};0;6.5;5.5J;5.5J;5;5;5;-5;05-juin;Metz
Boye John;D;17;5.36/7{5.17/27};0.38{0.80};0{2};5.5†;5.5;5;6;5;5;5.5;6/5.5;Metz
Bronn Dylan;D;12;5.21/7{5.22/16};0.57{0.60};0;5.5;5.5;5.5;5.5;5.5J;4;5;5.5;Metz
Yade Papa Ndiaga;M;8;5.17/6{5.13/8};0.75{0.64};0;-5;(4.5);-5;(6.5);(4.5);(5.5);;;Metz
Maziz Youssef;M;5;5.00/3{5.45/11};0.00{1.06};0{2};-5;-5;;;;;-5;;Metz
Delaine Thomas;D;6;5.00{4.50/12};0.00{0.52};0;;;;;;;5;4.5/5;Metz
Tchimbembé Warren;A;8;5.00/5{5.06/18};0.00{0.86};0{3};5;-5;-5;-5;-5;;;;Metz
Kiki Kouyate;D;7;5.00/2{5.40/15};0.00{1.33};0{3};-5;;-5;;;;;;Metz
Ambrose Thierry;A;8;4.88/4{4.58/19};0.85{0.56};0;;6;;-5;;(4.5);-4;4.5;Metz
Fofana Mamadou;D;10;4.83/3{4.90/20};0.76{0.66};0;;;5.5;;4;;5;5.5;Metz
Delecroix Paul;G;1;0.00{4.25/2};0.00{1.06};0;;;;;;;;;Metz
N'Doram Kevin;M;7;0.00{5.41/17};0.00{0.59};0;;;;;;;;5/6.5;Metz
Caillard Marc-Aurèle;G;7;0.00{5.33/15};0.00{0.86};0;;;;;;;;;Metz
Poblete Gerónimo;M;5;0.00;0.00;0;;;;;;;;;Metz
Vágner;M;6;0.00{5.94/9};0.00{1.36};0{4};;;;;;;;;Metz
Cabit Manuel;D;3;0.00{4.67/3};0.00{1.53};0;;;;;;;;;Metz
Traore Boubacar;M;1;0.00;0.00;0;;;;;;;;;Metz
Lacroix Lenny;D;1;0.00;0.00;0;;;;;;;;;Metz
Ben Yedder Wissam;A;40;5.36/7{5.84/29};1.18{1.21};4{19};6*;4;7**;6.5*;5;5;4;;Monaco
Badiashile Mukinayi Benoit;D;15;5.29/7{5.23/20};0.86{0.80};2;5.5;4;4.5;5;6;6.5*;5.5*;;Monaco
Diop Sofiane;M;12;5.50/7{5.27/22};0.82{0.75};1{2};5;6;-5;4.5;7*J;(5.5);(5.5);;Monaco
Aguilar Ruben;D;15;5.43/7{5.39/23};0.98{0.90};1;5;5;7*;4;6;6J;5;;Monaco
Geubbels Willem;A;9;4.75/6(4.50/2);0.88;1;(4.5);(4.5);;-4;(6.5*);(4.5);(4.5);;Monaco
Disasi Axel;D;13;4.70/5{4.98/27};0.91{0.89};1{2};;;3.5;4;5.5;5.5;5*;;Monaco
Golovin Aleksandr;M;18;6.00/2{5.65/23};1.41{1.29};0{3};;;;;;5;7;;Monaco
Ballo-Toure Fode;D;9;5.33/3{4.82/19};0.58{0.89};0;;;6;;5;;5;;Monaco
Lecomte Benjamin;G;20;5.17/6(5.25/2){5.59/29};1.44(1.06){1.05};0;4.5;6;6;3;;7;4.5;;Monaco
Tchouameni Aurelien;M;10;5.17/6(5.00){5.25/20};0.68{0.85};0;5;;4;5.5;5.5;5;6;;Monaco
Gelson Martins;A;9;5.17/6(5.50/2){5.18/22};0.52(0.71){1.23};0{4};6;5J;;-5;4.5;5;5.5;;Monaco
Maripán Guillermo;D;8;5.00/2{5.15/20};0.00{1.15};0{2};;;;-5;;-5;;;Monaco
Majecki Radoslaw;G;7;5.00;0.00;0;;;;;5;;;;Monaco
Matazo Eliot;M;5;5.00;0.00;0;;;-5;;;;;;Monaco
Matsima Chrislain;D;7;5.00/3;0.87;0;5.5;4J;(5.5);;;;;;Monaco
Caio Henrique;D;5;5.00;0.00;0;-5;;;;;;;;Monaco
Jovetic Stevan;A;8;4.92/6{4.97/15};0.58;0{2};-6;-5;5;(4.5);(4.5);(4.5);;;Monaco
Fàbregas Cesc;M;10;4.90/5(4.63/4){4.95/21};0.74(0.48){0.84};0;-5;4;4.5;5;6;;;;Monaco
Onyekuru Henry;M;8;4.75/4{4.60/5};0.96{0.89};0;;;;-4;-6;5;4;;Monaco
Florentino Luís;M;6;4.75/2;0.35;0;5;(4.5);;;;;;;Monaco
Volland Kevin;A;14;4.70/5;1.40;0;4;3.5J;7;4;5;;;;Monaco
Sidibé Djibril;D;8;4.67/3(4.00){4.96/28};0.58{0.90};0;4;;;5;;5;;;Monaco
Millot Enzo;M;4;4.50;0.00;0;;(4.5);;;;;;;Monaco
Pellegri Pietro;A;6;4.33/3(4.50/2);0.29;0;(4.5);(4.5);;;-4;;;;Monaco
Fofana Youssouf;M;12;4.20/5{5.17/24};0.57{0.99};0{1};;3.5;4.5;5;;4;4;;Monaco
Jemerson;D;6;0.00{4.85/10};0.00{0.67};0;;;;;;;;;Monaco
Aït Bennasser Youssef;M;5;0.00{5.08/12};0.00{0.90};0;;;;;;;;;Monaco
Mannone Vito;G;6;0.00;0.00;0;;;;;;;;;Monaco
Grandsir Samuel;M;6;0.00{5.29/19};0.00{0.89};0{3};;;;;;;;;Monaco
Gouano Gobe;A;1;0.00;0.00;0;;;;;;;;;Monaco
Pavlovic Strahinja;D;3;0.00;0.00;0;;;;;;;;;Monaco
Bakali Wawina Jonathan;A;1;0.00;0.00;0;;;;;;;;;Monaco
Delort Andy;A;25;5.92/6(5.00){5.50/27};1.80{1.35};3{10};5;4;7*;8**;7.5;;4;;Montpellier
Savanier Téji;M;27;5.71/7{5.79/26};1.70{1.42};3{9};3R;4.5J;7*;6.5;7;4.5J;7.5**;5;Montpellier
Laborde Gaetan;A;21;5.93/7{5.20/30};1.24{1.49};2{8};5;4.5;6.5;7.5;7*;6.5*;4.5;4.5;Montpellier
Congré Daniel;D;16;5.79/7{5.11/27};1.22{1.11};2;6.5;5.5;5.5;5.5J;8**;4;5.5;;Montpellier
Mavididi Stephy;A;8;4.92/6(5.00/5){4.93/28};1.07(1.17);1{6};(7*);(4.5);-4;-5;(4.5);;(4.5);;Montpellier
Souquet Arnaud;D;13;4.75/6{4.90/25};0.42(0.35){0.94};1{2};4.5J;5J;;5*;5;4;5;4;Montpellier
Mollet Florent;M;22;4.75/6(5.00/4){5.36/28};0.82(0.71){1.21};1{6};5;(4.5);(4.5);(6*);;3.5;-5;5;Montpellier
Omlin Jonas;G;16;5.71/7;1.04;0;7.5;4.5;5;5.5;5;6;6.5;;Montpellier
Cozza Nicolas;D;6;5.50/2(6.00){5.43/7};0.71{0.61};0;6;;;5;;;;4.5;Montpellier
Hilton;D;15;5.30/5(5.33/3){5.46/28};1.10(1.53){1.04};0;7;5;4;;5.5;;5;4.5;Montpellier
Ristic Mihailo;D;9;5.17/6{5.03/19};0.98{0.81};0;;4.5;4.5;5.5;5;4.5;7;;Montpellier
Oyongo Ambroise;D;9;5.08/6{4.87/23};0.20{0.69};0;5;-5;-5;-5;-5;(5.5);;5;Montpellier
Pedro Mendes;D;10;5.00/6{4.82/17};0.71{1.13};0{1};;4;5;6;5;4.5;5.5;4.5;Montpellier
Dolly Keagan;M;6;5.00/3{5.13/4};0.00{0.25};0;-5;;;;-5;-5;;;Montpellier
Skuletic Petar;A;6;5.00{4.30/5};0.00{0.76};0;;;;;;-5;;4.5;Montpellier
Chotard Joris;M;8;4.92/6(5.25/2){4.90/25};0.58(1.06){0.69};0;6;(4.5);;-5;-5;4.5;(4.5);4;Montpellier
Ferri Jordan;M;10;4.86/7{4.69/18};0.56{0.60};0;-5;4.5;4;5.5;5.5;5;4.5J;4.5;Montpellier
Le Tallec Damien;M;13;4.86/7{4.88/30};1.25{1.06};0{2};-5;4;4;6;6.5;3°;5.5;3.5;Montpellier
Junior Sambia;M;7;4.79/7;0.91{0.72};0{1};-5;-5;3;-6;-5;-5;(4.5);;Montpellier
Benchama Samy;M;2;4.50;0.00;0;;;;;;(4.5);;;Montpellier
Bertaud Dimitry;G;7;0.00{3.75/2};0.00{1.06};0;;;;;;;;;Montpellier
Ammour Yannis;M;1;0.00;0.00;0;;;;;;;;;Montpellier
Vidal Clement;D;2;0.00{4.00};0.00;0;;;;;;;;;Montpellier
Carvalho Matis;G;1;0.00{4.00};0.00;0;;;;;;;;;Montpellier
Yun Il-Lok;M;2;0.00{4.50/5};0.00{0.50};0;;;;;;;;;Montpellier
Vargas Thibaut;D;6;0.00{4.67/3};0.00{1.26};0;;;;;;;;;Montpellier
Tamas Thibault;D;1;0.00;0.00;0;;;;;;;;;Montpellier
Ben Achour Adil;M;1;0.00;0.00;0;;;;;;;;;Montpellier
Louza Imran;M;18;5.70/5(5.67/3){5.26/25};0.45(0.58){0.86};2{4};6;6*;5;;;6*;5.5;;Nantes
Blas Ludovic;M;19;5.50/7{5.48/30};1.00{0.95};2{7};7.5*;5;4.5;5;6*;5.5;-5;;Nantes
Kolo Muani Randal;A;10;5.50/6;1.00;1;7*;6;5;4.5;4.5;6;;;Nantes
Simon Moses;M;17;5.36/7{5.32/30};1.07{0.95};1{5};-6;5.5;4;7*;4;5.5;5.5;;Nantes
Andrei Girotto;D;12;5.00/6{5.13/26};0.95{1.03};1{2};;4;5;4;5;6.5*;5.5;;Nantes
Bamba Abdoul Kader;M;9;5.00/7{5.45/29};0.50{0.78};1{2};(6*);-5;-5;-5;4.5;(4.5);5;;Nantes
Emond Renaud;A;8;4.90/5{4.59/11};0.65{0.58};1;;(4.5);(4.5);(6*);(4.5);-5;;;Nantes
Lafont Alban;G;16;5.71/7{5.67/29};1.35{1.11};0;6;6.5;4.5;4;5;8J;6;;Nantes
Castelletto Jean-Charles;D;7;5.50/3(5.75/2){4.93/21};0.50(0.35){1.05};0{1};6;(5.5);;;;-5;;;Nantes
Abeid Mehdi;M;10;5.30/5(5.38/4){5.15/26};0.45(0.48){0.76};0{1};5J;6;-5;5.5;;-5;;;Nantes
Coco Marcus;M;8;5.25/6(5.13/4);0.69(0.25);0;5.5;-5;5;5;;6.5;(4.5);;Nantes
Pallois Nicolas;D;11;5.07/7(5.00){5.09/23};0.61{0.91};0;5J;4.5J;4.5°;5.5;4.5;6;5.5;;Nantes
Corchia Sébastien;D;8;5.00{4.75/2};0.00{0.35};0;5;;;;;;;;Nantes
Moutoussamy Samuel;M;6;5.00{4.80/15};0.00{0.41};0;;;;;;;5;;Nantes
Charles Traoré;D;6;5.00/2{4.86/18};1.41{0.89};0;;;;;4;;6;;Nantes
Appiah Dennis;D;10;4.75/6{4.82/25};0.88{0.66};0;;4;3.5;5;5;6;-5;;Nantes
Chirivella Pedro;M;10;4.71/7;0.49;0;4.5;5;4.5;5;4;5.5;4.5J;;Nantes
Fabio;D;10;4.67/6(4.50/4){4.95/11};0.41{0.52};0;5J;4.5;4;4.5;;5;5;;Nantes
Touré Abdoulaye;M;9;4.63/4(5.00/2){5.23/26};0.48{0.87};0{2};-5;-5;;(4.5);4;;;;Nantes
Mendy Batista;D;4;4.50;0.00;0;;;;;(4.5);;;;Nantes
Ndilu Bridge;A;4;4.00/2;0.00;0;;;;;-4;;-4;;Nantes
Kalifa Coulibaly;A;6;3.50{4.41/17};0.00{0.73};0{2};;;;;;;3.5;;Nantes
Petric Denis;G;7;0.00{5.00};0.00;0;;;;;;;;;Nantes
Augustin Jean-Kévin;A;9;0.00{4.56/9};0.00{0.68};0;;;;;;;;;Nantes
Walongwa Anthony;D;2;0.00;0.00;0;;;;;;;;;Nantes
Dabo Abdoulaye;M;1;0.00;0.00;0;;;;;;;;;Nantes
Basila Thomas;D;4;0.00{4.86/7};0.00{0.38};0;;;;;;;;;Nantes
Limbombe Anthony;M;6;0.00{5.38/4};0.00{1.11};0{1};;;;;;;;;Nantes
Homawoo Josué;D;1;0.00{5.00};0.00;0;;;;;;;;;Nantes
Moustache Wesley;D;1;0.00{3.00};0.00;0;;;;;;;;;Nantes
Pereira De Sa Roli;M;1;0.00{5.00};0.00;0;;;;;;;;;Nantes
Jan Charly;G;1;0.00;0.00;0;;;;;;;;;Nantes
Gouiri Amine;A;20;6.43/7{6.19/8};0.84{1.03};3;6.5*;7;7J;5;-6;6;7.5**;;Nice
Dante;D;20;5.36/7(6.00/3){5.24/25};0.85(0.87){0.99};2;5.5;7*;5.5;4.5;5*;5.5;4.5;;Nice
Dolberg Kasper;A;24;4.80/5{5.26/27};1.30{1.28};2{13};;5;4;;4;7**;4;6.5;Nice
Lees-Melou Pierre;M;23;5.86/7{5.81/29};0.99{1.19};1{6};7.5*;6;5.5;4.5;5;6J;6.5;5.5;Nice
Kephren Thuram;M;11;5.25/6(6.75/2){5.16/19};1.70(1.77){0.94};1;5.5;8*†J;;3.5;3.5;6;5;;Nice
Maolida Myziane;A;8;5.00/4(5.33/3){4.80/20};0.91(0.76){0.92};1{2};(6*);5.5;(4.5);;4;;;4.5;Nice
N'Soki Stanley;D;6;6.00{5.21/17};0.00{0.69};0;6J;;;;;;;5.5;Nice
Benítez Walter;G;27;5.79/7{5.73/30};1.25{1.10};0;4J;5.5;7.5;4.5;7;6;6;6;Nice
Schneiderlin Morgan;M;14;5.67/6(5.50){5.08/18};0.82{0.84};0;5.5;;6;5;4.5;6.5;6.5;;Nice
Reine-Adélaïde Jeff;M;10;5.50{5.19/13};0.00{0.80};0{2};;;;;;(5.5);;;Nice
Robson Bambu;D;6;5.50/2(6.00);0.71;0;6J;;;;;;5;;Nice
Kamara Hassane;D;15;5.43/7{5.56/27};1.10{0.93};0{2};4.5J;6;5;5;4;7;6.5J;;Nice
Lotomba Jordan;D;13;5.42/6(5.38/4);0.58(0.63);0;5.5J;6;5.5;4.5;;6;5;;Nice
Daniliuc Flavius;D;8;5.17/3;0.29;0;;(5.5);-5;-5;;;;;Nice
Danilo;M;7;5.00{5.18/17};0.00{0.86};0;-5;;;;;;;5;Nice
Pelmard Andy;D;8;4.83/6{4.88/12};1.17{0.96};0;;3.5;6;4.5;3.5;6;(5.5);5;Nice
Ndoye Dan;A;7;4.79/7;0.49;0;(5.5);-5;5;-5;-4;(4.5);(4.5);;Nice
Trouillet Alexis;M;5;4.75/2;0.35;0;;(4.5);;;;-5;;;Nice
Rony Lopes;M;12;4.67/6{4.55/10};0.88{0.69};0;5.5;5;5;3;4.5;-5;;;Nice
Claude Maurice Alexis;M;8;4.67/3{5.17/24};0.58{0.75};0{1};;;-5;;-4;;5;4;Nice
Guessand Evann;A;6;4.67/3;0.29;0;;;(4.5);-5;;;(4.5);;Nice
Atal Youcef;D;8;4.00/2{4.71/12};0.71{1.37};0{1};;;;4.5;3.5;;;4.5;Nice
Cardinale Yoan;G;6;0.00;0.00;0;;;;;;;;;Nice
Coly Racine;D;4;0.00{4.64/7};0.00{1.03};0;;;;;;;;5;Nice
Wade Paul;M;1;0.00;0.00;0;;;;;;;;;Nice
Boudaoui Hichem;M;6;0.00{5.11/9};0.00{1.52};0{1};;;;;;;;;Nice
Crétier Noah;D;1;0.00;0.00;0;;;;;;;;;Nice
Ben Seghir Salim;A;1;0.00;0.00;0;;;;;;;;;Nice
Parsemain Alexandre;A;1;0.00;0.00;0;;;;;;;;;Nice
Sellouki Malik;M;1;0.00;0.00;0;;;;;;;;;Nice
Kari Soudeysse;M;1;0.00;0.00;0;;;;;;;;;Nice
Pionnier Bertrand Theo;D;1;0.00;0.00;0;;;;;;;;;Nice
Sotona Ayodeji;A;3;0.00;0.00;0;;;;;;;;;Nice
Ferhat Zinedine;M;24;6.58/6{5.79/26};0.58{1.13};3{5};;6;6.5*;6;6.5*;7*;7.5;3;Nîmes
Cubas Adrián;M;19;6.29/7;0.91;1;6;7;6;6.5J;7*;4.5;7;;Nîmes
Meling Birger;D;13;5.80/5;1.30;1;;6;5;;5;5;8*;;Nîmes
Ripart Renaud;D;13;5.29/7{4.94/25};1.41{1.25};1{4};5;7*;6;5.5;3J;4;6.5;3;Nîmes
Denkey Kévin;A;9;4.80/5{4.58/19};1.35{0.87};1{2};;4.5;-4;;3.5;5;7*;;Nîmes
Koné Moussa;A;7;4.75/4(4.50){4.89/9};0.87{0.99};1{3};(4.5);;;;(4.5);-4;(6*);;Nîmes
Reynet Baptiste;G;16;5.57/7{5.00/25};1.06{1.03};0;6;6;5.5;6.5;3.5;5;6.5;;Nîmes
Briancon Anthony;D;14;5.50/4{4.93/21};0.41{1.04};0{1};;5.5;5.5;6;-5;;;2.5;Nîmes
Fomba Lamine;M;10;5.17/6(5.20/5){5.02/22};0.68(0.76){0.82};0;4;6;5.5;5.5J;-5;;-5;3;Nîmes
Deaux Lucas;M;14;5.10/5(5.50/2){5.39/18};0.55(0.71){1.18};0{2};5J;6;;;4.5;5;5;2.5;Nîmes
Ahlinvi Matteo;M;4;5.00/2;0.00;0;-5;;;-5;;;;;Nîmes
Sidy Sarr;M;7;5.00/3{4.90/21};0.00{0.75};0;;;;5;;-5;-5;3;Nîmes
Martinez Pablo;D;8;4.88/4(4.00);1.75{1.31};0{2};-4;;;;3;5.5;7;2.5;Nîmes
Burner Patrick;D;7;4.75/4(4.67/3){4.95/19};0.50(0.58){0.64};0{1};4;5;-5;;;;-5;;Nîmes
Miguel Florian;D;8;4.75/4(4.00){4.59/22};0.50{1.04};0{1};4;;-5;5;;;-5;2;Nîmes
Duljevic Haris;M;7;4.75/2{4.86/11};0.35{0.71};0;;;;4.5;;-5;;3;Nîmes
Paquiez Gaetan;D;8;4.67/3(3.00){4.40/21};1.53{1.02};0;3;;5;6;;;;4;Nîmes
Buades Lucas;M;4;4.50{4.36/7};0.00{0.24};0;;;;(4.5);;;;4;Nîmes
Benrahou Yassine;M;10;4.50/4{5.43/15};0.41{0.96};0{2};;;5;;4.5;4;4.5;;Nîmes
Roux Nolan;A;8;4.40/5{4.90/21};0.42{0.92};0{4};4.5;(4.5);4;-4;-5;;;;Nîmes
Ludivin Majouga Marco;A;4;4.25/2(4.00);0.35;0;-4;;(4.5);;;;;;Nîmes
Landre Loïck;D;8;4.21/7{4.78/16};1.32{1.21};0{1};4R;5.5;4;4.5;2;3.5J;6;;Nîmes
Alakouch Sofiane;D;6;4.00{4.38/12};0.00{0.71};0;;;;;-4;;;3;Nîmes
Aribi Karim;A;7;4.00;0.00;0;-4;;;;;;;;Nîmes
Eliasson Niclas;M;9;4.00;0.00;0;4;;;;;;;;Nîmes
Guessoum Kelyan;D;1;0.00;0.00;0;;;;;;;;;Nîmes
Ben Amar Sami;A;1;0.00{4.50};0.00;0;;;;;;;;;Nîmes
Depres Clement;A;2;0.00;0.00;0;;;;;;;;;Nîmes
Lionel Dias Lucas;G;7;0.00{5.50/4};0.00{0.82};0;;;;;;;;;Nîmes
Valerio Antoine;M;1;0.00{4.90/5};0.00{0.22};0;;;;;;;;;Nîmes
Rabouille Valentin;G;1;0.00;0.00;0;;;;;;;;;Nîmes
Chadli Nassim;A;1;0.00;0.00;0;;;;;;;;;Nîmes
Karraoui Amine;A;1;0.00;0.00;0;;;;;;;;;Nîmes
Valls Lucas;M;1;0.00;0.00;0;;;;;;;;;Nîmes
Megier Julien;D;1;0.00;0.00;0;;;;;;;;;Nîmes
Nazih Amjhad;G;1;0.00;0.00;0;;;;;;;;;Nîmes
Mbappé Kylian;A;43;7.50/4{6.79/21};0.41{1.10};4{21};8**;7.5*;7;7.5*;;;;8.5/6.5;Paris
Florenzi Alessandro;D;19;6.60/5{5.27/28};1.08{1.01};2;8*;7.5*;6;6;5.5J;;;;Paris
Neymar;A;41;6.00/3{6.79/17};2.29{1.54};2{14};;8.5**;5.5;;4;;;;Paris
Icardi Mauro;A;33;6.00/4{5.85/23};1.35{1.11};2{14};;5.5;8**;5.5;;;5;6/3.5;Paris
Draxler Julian;M;14;5.90/5{5.86/14};0.89{0.93};2;;6.5*;5;6;-5;;7*;7.5/5;Paris
Marquinhos;D;26;6.13/4{5.95/19};0.95{1.12};1{3};;5.5;5.5;7.5*;;;6;7.5/4.5;Paris
Di María Ángel;M;34;6.00/4{6.28/25};1.68{1.06};1{7};;;5.5;8*;4;;6.5;5/6.5;Paris
Idrissa Gueye;M;23;5.92/6(7.00/2){6.02/23};1.02{1.05};1{2};7J;(7*);;5;4.5;6;6;7/5.5;Paris
Sarabia Pablo;M;9;5.21/7{5.43/23};1.65{1.35};1{5};8.5*;-6;-5;-5;4.5;3.5J;4;8;Paris
Rafinha;M;8;6.50{5.85/30};0.00{1.00};0{4};6.5J;;;;;;;;Paris
Navas Keylor;G;24;6.00/5{5.44/25};0.71(0.82){1.15};0;6;5;6;7;;;6;6.5/4;Paris
Bakker Mitchel;D;15;5.92/6(6.38/4){5.57/7};0.80(0.48){1.17};0;6;7;6.5;6J;;-5;5;;Paris
Verratti Marco;M;23;5.70/5{5.98/20};1.52{1.06};0;;7.5;-5;6.5;3.5;6;;;Paris
Kimpembe Presnel;D;20;5.64/7{5.59/22};0.75{0.68};0;7;5J;6;6;5.5;5;-5;6/4.5;Paris
Herrera Ander;M;8;5.50/7{5.46/14};0.82;0{1};-7;(5.5);-5;(5.5);4.5;5;6;;Paris
Kean Moise;A;8;5.50{4.59/27};0.00{0.77};0{2};5.5;;;;;-4;(4.5);;Paris
Diallo Abdou;D;7;5.20/5(5.33/3){5.26/17};0.57(0.58){0.71};0;6;-5;-5;;;(5.5);4.5;4;Paris
Dagba Colin;D;6;5.17/6(5.50/2){5.00/12};0.41(0.71){0.37};0;-6;-5;;-5;-5;-5;5;4.5;Paris
Bernat Juan;D;3;4.83/3{5.06/17};0.29{0.81};0;;;;;4.5;5;-5;5/4.5;Paris
Paredes Leandro;M;11;4.75/4(5.00/3){5.28/18};0.65(0.50){1.05};0;4.5†;5;5.5;;-4;;;05-avr;Paris
Rico Sergio;G;7;4.50{4.33/3};0.00{1.26};0;;;;;4.5;;;;Paris
Kehrer Thilo;D;6;4.50/2{4.88/8};0.00{0.69};0{1};;;;;4.5;4.5;;6;Paris
Ruiz-Atil Kays;M;4;4.50/3(5.00);0.87;0;-5;;-5;;;3.5;;;Paris
Fadiga Bandiougou;M;4;4.50/2;0.00;0;;;;(4.5);;;(4.5);;Paris
Kurzawa Layvin;D;7;4.25/2{4.93/14};0.35{0.96};0{1};;;;;-4;4.5;;4.5;Paris
Jesé;A;2;4.25/2(4.50);0.35;0;(4.5);;;;;-4;;;Paris
Letellier Alexandre;G;3;0.00{4.40/5};0.00{0.82};0;;;;;;;;;Paris
Steven Sila Richard;A;1;0.00{4.25/2};0.00{0.35};0;;;;;;(4.5);;;Paris
Pembele Timothee;D;2;0.00;0.00;0;;;;;;;;;Paris
Bitshiabu El Chadaille;D;2;0.00;0.00;0;;;;;;;;;Paris
Nagera Kenny;A;1;0.00;0.00;0;;;;;;;;;Paris
Simons Xavi;M;1;0.00;0.00;0;;;;;;;;;Paris
Michut Edouard;M;1;0.00;0.00;0;;;;;;;;;Paris
Kamara Abdoulaye;M;1;0.00;0.00;0;;;;;;;;;Paris
Camara Ousmane;M;1;0.00{5.00};0.00;0;;;;;;-5;;;Paris
Hadjam Jaouen;D;1;0.00;0.00;0;;;;;;;;;Paris
Kapo Maxen;M;1;0.00;0.00;0;;;;;;;;;Paris
Pembele Andy;M;1;0.00;0.00;0;;;;;;;;;Paris
Danilo Pereira;M;8;0.00;0.00;0;;;;;;;;;Paris
Dia Boulaye;A;20;5.60/5{5.06/24};0.55{1.06};3{9};;6*;-5;6*;5;;6*;5;Reims
Moreto Cassamã;M;10;5.25/6(6.00){5.54/13};0.61{1.01};1;6*R;;5.5;4.5;5.5;4.5;(5.5);;Reims
Touré El Bilal;A;9;4.42/6{4.63/12};1.46{1.40};1{3};;3;3.5;(4.5);5;3.5;7*;;Reims
Abdelhamid Yunis;D;21;4.25/6(4.38/4){5.26/29};0.88(1.11){1.06};1{4};4;5.5*;5;3J;;4;4;7;Reims
Diouf Yehvann;G;7;5.50;0.00;0;;(5.5);;;;;;;Reims
Mbuku Nathanael;A;9;5.17/3{4.95/10};0.29{0.44};0;5;5.5;5;;;;;;Reims
Zeneli Arbër;M;11;5.08/6{5.00/7};0.49{0.50};0;;6;-5;5;5;(4.5);-5;;Reims
Chavalerin Xavier;M;16;5.07/7{5.46/26};0.73{0.97};0{1};4J;6J;5;5;5;4.5J;6;5.5;Reims
Cafaro Mathieu;M;10;5.00/6{5.50/18};0.32{0.66};0{1};5;-5;;5;5.5;4.5;5;6;Reims
Doumbia Moussa;M;8;5.00{5.16/22};0.00{0.75};0{1};-5;;;;;;;6;Reims
Rajkovic Predrag;G;24;5.00/7{5.74/29};1.71{1.29};0;2.5;4;6;4.5;8;5J;5;6;Reims
Kutesa Dereck;M;8;4.93/7{4.97/20};0.53{0.62};0{1};5†;-6;-5;(4.5);(4.5);4.5;5J;;Reims
Berisha Valon;M;8;4.58/6{4.72/9};0.38{0.36};0;;-5;5;4.5;(4.5);-4;(4.5);;Reims
Konan Ghislain;D;9;4.50/6{4.71/19};0.45{0.99};0;;5;4.5;4;5;4;4.5;5;Reims
Munetsi Marshall;M;8;4.50/5{5.13/20};0.71{0.90};0;;5.5;;3.5;(4.5);4.5;4.5;5;Reims
Maresic Dario;D;8;4.50/4{4.80/5};0.82{0.97};0;;;3.5;(5.5);4.5;4.5;;;Reims
De Smet Thibault;D;3;4.50;0.00;0;4.5;;;;;;;;Reims
Ekitike Hugo;M;1;4.50;0.00;0;(4.5);;;;;;;;Reims
Sierhuis Kaj;A;5;4.40/5(4.50/2){4.42/6};0.22{0.20};0;4.5;(4.5);;(4.5);;-4;(4.5);;Reims
Hornby Fraser;M;6;4.33/3;0.58;0;;;-4;;-5;-4;;;Reims
Faes Wout;D;8;4.30/5(4.25/2);0.91(0.35);0;4J;4.5J;;;3;5.5;4.5;;Reims
Foket Thomas;D;10;4.25/6(4.30/5){4.96/28};0.76(0.84){0.82};0;3;4.5;4J;5;5;;4;5;Reims
Donis Anastasios;A;6;3.67/3(2.00){4.33/18};1.44{0.82};0;-2;;4.5;;;(4.5);;4.5;Reims
Sissoko Sambou;M;3;0.00{5.00/3};0.00;0;;;;;;;;;Reims
Sakava Moise;M;1;0.00;0.00;0;;;;;;;;;Reims
Dialy Ndiaye;G;1;0.00;0.00;0;;;;;;;;;Reims
Doucouré Fodé;D;2;0.00;0.00;0;;;;;;;;;Reims
Lopy Dion;M;4;0.00;0.00;0;;;;;;;;;Reims
Guirassy Serhou;A;24;5.50/6{5.20/25};1.38{1.35};3{12};4.5;5;7*;4.5;7.5**;(4.5);6*;;Rennes
Da Silva Damien;D;20;5.67/6{5.36/25};0.82{0.94};2{3};;6*;6;5;5;5;7*;5.5;Rennes
Aguerd Nayef;D;17;5.43/7{5.25/16};1.27{1.22};2{3};4.5;4J;7.5*;6;6.5*;5;4.5;;Rennes
Truffert Adrien;D;8;7.50;0.00;1;;;;(7.5*);;;;;Rennes
Camavinga Eduardo;M;18;5.86/7{5.75/26};0.94{1.04};1{2};-6;5J;7;4.5;5.5J;7*;-6;5;Rennes
Bourigeaud Benjamin;M;20;5.79/7{5.61/27};1.04{0.76};1{3};4.5;4.5;7;6;(7*);5.5J;6;5;Rennes
Nzonzi Steven;M;20;5.58/6{5.77/11};1.02{1.19};1;;5;6;7.5*;5;5;5;;Rennes
Terrier Martin;M;13;5.40/5(6.00){5.13/24};1.19{0.82};1{2};6*;;6;6.5;;3.5;5;;Rennes
Hunou Adrien;A;10;5.25/4(5.00){5.33/24};0.50{1.05};1{8};-5;;(6*);;-5;5;;5;Rennes
Gomis Alfred;G;20;5.70/5{5.74/23};0.97{1.36};0;;;5;6;4.5;7;6;;Rennes
Salin Romain;G;14;5.58/6{5.44/8};1.07{1.08};0;5;4;7;5.5;6.5J;5.5;;;Rennes
Del Castillo Romain;A;10;5.43/7{5.44/25};0.84{0.92};0{1};4.5;-5;7;-5;-6;-5;(5.5);5.5;Rennes
Tait Flavien;M;8;5.25/6(5.30/5){5.26/21};0.61(0.67){0.87};0{2};6;4.5J;-5;-5;6;;-5;5;Rennes
Martin Jonas;M;7;5.21/7{5.28/9};0.27{0.36};0;(5.5);-5;-5;-5;5.5;(5.5);5;;Rennes
Hamari Traoré;D;15;5.20/5{5.25/26};0.84{0.85};0;5;4.5;6.5;5.5;4.5;;;5;Rennes
Faitout Maouassa;D;8;5.13/4{5.26/21};0.25{0.85};0{3};;;;5;5;5.5;5;5;Rennes
Niang M'Baye;A;17;5.00{5.27/22};0.00{1.44};0{7};;;;;;;5;7.5;Rennes
Rugani Daniele;D;8;5.00{4.55/11};0.00{0.72};0;5J;;;;;;;;Rennes
Soppy Brandon;D;7;5.00/3;0.00;0;;;5;;-5;5;;;Rennes
Gboho Yann;M;5;4.83/3(5.00){4.90/10};0.29{0.61};0{1};-5;;;;(4.5);-5;;;Rennes
Dalbert;D;10;4.50{4.78/30};0.00{0.80};0;4.5J;;;;;;;;Rennes
Doku Jéremy;M;12;4.50;0.00;0;(4.5);;;;;;;;Rennes
Grenier Clément;M;5;4.00{4.64/7};0.00{0.63};0;4;;;;;;;;Rennes
Rutter Georginio;A;5;4.00;0.00;0;;;-4;;;;;;Rennes
Lea Siliki James;M;6;0.00{5.20/15};0.00{0.56};0;;;;;;;;5;Rennes
Diallo Namakoro;D;1;0.00;0.00;0;;;;;;;;;Rennes
Nyamsi Gerzino;D;2;0.00{5.00/2};0.00;0;;;;;;;;5;Rennes
Damergy Elias;G;1;0.00;0.00;0;;;;;;;;;Rennes
Bonet Pépé;G;1;0.00;0.00;0;;;;;;;;;Rennes
Assignon Lorenz;D;1;0.00;0.00;0;;;;;;;;;Rennes
Hamouma Romain;M;11;5.21/7(4.38/4){5.38/17};1.41(0.48){1.24};3{6};5J;-4;4;(4.5);5;8**;6*;6.5/5;Saint-Étienne
Aouchiche Adil;M;17;5.64/7;0.90;2;6*;4.5;5.5;7*;6;6;4.5;;Saint-Étienne
Bouanga Denis;M;29;5.14/7{5.23/28};1.31{1.38};2{11};(4.5);5;4;4;7*;4.5;7*;04-mai;Saint-Étienne
Camara Mahdi;M;13;5.64/7{5.26/19};1.07{0.81};1;4.5;5.5;4.5;5;7*;7;6;;Saint-Étienne
Maçon Yvann;D;10;5.25/6{4.81/8};1.44{1.49};1;;4;3;5.5*;6.5;6;6.5;;Saint-Étienne
Nordin Arnaud;M;9;5.42/6{5.25/20};1.53{0.92};0{1};;5.5;3;4.5;6;7.5;-6;4.5;Saint-Étienne
Neyou Yvan;M;8;5.42/6;0.66;0;;4.5;-5;6;5;6;6;;Saint-Étienne
Debuchy Mathieu;D;9;5.33/3{4.66/19};0.58{1.16};0{1};;;;;6;5;5;03-mai;Saint-Étienne
Kolodziejczak Timothée;D;8;5.00/6{4.68/19};1.55{1.18};0;;3;3.5;4.5;6.5;6.5;6;5;Saint-Étienne
Benkhedim Bilal;M;4;5.00{5.13/4};0.00{0.25};0;-5;;;;;;;;Saint-Étienne
Gourna-Douath Lucas;M;8;4.80/5(4.75/2);0.27(0.35);0;(4.5);-5;;(4.5);-5;;-5;;Saint-Étienne
Moulin Jessy;G;13;4.79/7{5.46/12};2.02{1.91};0;2.5;5.5;2;4;7.5;6;6;;Saint-Étienne
Youssouf Zaydou;M;7;4.67/6(4.60/5){5.25/18};0.61(0.65){0.88};0;4;-5;4;4.5;(5.5);;-5;5;Saint-Étienne
Rivera Maxence;A;7;4.67/6{4.64/7};0.26{0.24};0;(4.5);5;(4.5);(4.5);(4.5);-5;;;Saint-Étienne
Abi Charles;A;7;4.50/2{4.44/17};0.71{0.63};0;;;;;-4;;5;3.5/4.5;Saint-Étienne
Trauco Miguel;D;6;4.50{4.32/17};0.00{1.13};0{1};(4.5);;;;;;;3/3.5;Saint-Étienne
Retsos Panagiotis;D;7;4.50;0.00;0;4.5;;;;;;;;Saint-Étienne
Moukoudi Harold;D;9;4.38/4{4.40/10};0.48{0.97};0;4J;5;4;4.5;;;;;Saint-Étienne
Moueffek Aïmen;M;5;4.33/3;1.26;0;;;3;4.5;;;(5.5);;Saint-Étienne
Krasso Jean-Phillipe;A;5;4.33/3(3.50);0.76;0;3.5;;-5;;;(4.5);;;Saint-Étienne
Sissoko Alpha;D;4;4.17/3(3.75/2);1.04(1.06);0;3;4.5;;;;;-5;;Saint-Étienne
Monnet-Paquet Kévin;A;5;4.13/4(3.00);0.75;0;3;;;(4.5);(4.5);(4.5);;;Saint-Étienne
Sow Saidou;D;5;4.00/2;1.41;0;3;-5;;;;;;;Saint-Étienne
Khazri Wahbi;M;5;2.00{4.75/12};0.00{1.36};0{3};;-2;;;;;;05-avr;Saint-Étienne
Boudebouz Ryad;M;7;0.00{5.16/19};0.00{0.96};0{1};;;;;;;;4.5;Saint-Étienne
Ruffier Stéphane;G;7;0.00{4.76/17};0.00{1.44};0;;;;;;;;4;Saint-Étienne
Gabriel Silva;D;6;0.00{4.88/4};0.00{1.03};0;;;;;;;;;Saint-Étienne
Souici Rayan;D;1;0.00;0.00;0;;;;;;;;;Saint-Étienne
Guendouz Alexis;G;1;0.00;0.00;0;;;;;;;;;Saint-Étienne
Bajic Stefan;G;3;0.00{4.50};0.00;0;;;;;;;;4.5;Saint-Étienne
Tshibuabua Marvin;D;1;0.00;0.00;0;;;;;;;;;Saint-Étienne
Indjai Correia Edmilson;A;3;0.00{5.00/3};0.00;0;;;;;;;;;Saint-Étienne
Petit Victor;M;1;0.00;0.00;0;;;;;;;;;Saint-Étienne
Green Etienne;G;1;0.00;0.00;0;;;;;;;;;Saint-Étienne
Sidibé Abdoulaye;A;3;0.00;0.00;0;;;;;;;;;Saint-Étienne
Tormin Tyrone;M;5;0.00;0.00;0;;;;;;;;;Saint-Étienne
Chahiri Mehdi;M;13;5.17/6;1.03;2;;4;(6.5*);(5.5);-5;4;6*;;Strasbourg
Aholou Jean Eudes;M;6;5.00/4(4.75/2){5.23/11};1.08(1.77){0.82};1;6*J;3.5;;;;-5;(5.5);;Strasbourg
Stefan Mitrovic;D;11;4.92/6(5.30/5){5.02/25};1.59(1.44){1.22};1{2};5.5;4;4;7.5*;5.5;;3;3;Strasbourg
Ajorque Ludovic;A;14;4.64/7{5.10/29};0.80{1.38};1{9};4.5J;4;6*;4.5J;4;4;5.5;4.5;Strasbourg
Diallo Habib;A;15;4.40/5(6.00){5.00/26};0.96{1.34};1{10};(6*);;(4.5);;-4;-4;3.5;;Strasbourg
Lienard Dimitri;M;15;5.08/6{5.44/24};0.74{1.07};0{2};5.5;4;(5.5);-6;-5;(4.5);;4;Strasbourg
Bellegarde Jean-Ricner;M;10;5.00/7{5.21/26};0.65{0.62};0;6;5;4;5.5;5J;4.5;-5;4.5;Strasbourg
Sissoko Ibrahima;M;9;4.86/7{4.98/27};0.75{0.94};0;-5;-6;4.5;5;5J;3.5;5;3;Strasbourg
Prcic Sanjin;M;8;4.83/3{4.90/5};0.29{0.22};0;;;-5;-5;;;4.5;;Strasbourg
Simakan Mohamed;D;10;4.71/7{4.82/22};1.35{1.02};0;5;4;3;7;5;5.5;3.5J;3;Strasbourg
Zohi Kévin;A;7;4.70/5{4.85/20};0.45{0.56};0{1};;-5;-5;;5;-4;(4.5);5;Strasbourg
Thomasson Adrien;M;19;4.57/7{5.50/28};0.53{1.17};0{5};4;-5;4J;5.5;(4.5);4.5;4.5;4.5;Strasbourg
Kawashima Eiji;G;7;4.50/2;0.71;0;;;;;;4;5;;Strasbourg
Saadi Idriss;A;7;4.50/6;0.32;0;;-5;(4.5);-4;(4.5);(4.5);(4.5);;Strasbourg
Djiku Alexander;D;10;4.33/6{5.15/26};0.75{1.14};0{1};;4;5;4.5;3;4.5;-5;;Strasbourg
Caci Anthony;D;8;4.25/4{5.21/12};0.65{1.32};0{1};;3.5;;4.5;4;-5;;;Strasbourg
Lala Kenny;D;13;4.21/7{5.04/27};0.64{1.06};0{1};4.5;3;4;5;4.5;4;4.5;;Strasbourg
Kamara Bingourou;G;12;4.20/5;1.10;0;3;4;4;6;4;;;;Strasbourg
Majeed Waris;A;8;4.17/6(4.00){4.85/13};0.41{1.01};0{2};-4;;3.5;4.5;4;(4.5);(4.5);;Strasbourg
Carole Lionel;D;8;4.17/6(4.13/4){4.68/20};0.61(0.75){0.88};0;3.5;(4.5);3.5;-5;;4.5;4;3.5;Strasbourg
Koné Lamine;D;8;3.67/3(3.50){4.69/18};0.29{1.00};0{1};3.5;;;;;3.5;4;3.5;Strasbourg
Aaneba Ismaël;D;1;0.00;0.00;0;;;;;;;;;Strasbourg
Mothiba Lebo;A;7;0.00{4.74/17};0.00{1.48};0{4};;;;;;;;3;Strasbourg
Sels Matz;G;3;0.00{5.66/22};0.00{0.97};0;;;;;;;;4;Strasbourg
Pelletier Louis;G;1;0.00;0.00;0;;;;;;;;;Strasbourg
Siby Mahamé;M;2;0.00{5.00};0.00;0;;;;;;;;;Strasbourg
Lebeau Adrien;M;3;0.00{5.00};0.00;0;;;;;;;;;Strasbourg
Besic Benjamin;M;2;0.00;0.00;0;;;;;;;;;Strasbourg
